{"initial_reset_timestamp": 1603707915.8439348, "timestamps": [1603707922.675252], "episode_lengths": [200], "episode_rewards": [200.0], "episode_types": ["t"]}